{
  "id": "9ecaa863-9c2c-4029-8dba-c22e6aa24fb3",
  "name": "Levels",
  "isOverridable": true,
  "entries": [
    {
      "value": "Easy",
      "synonyms": [
        "Easy",
        "simple",
        "stupid",
        "level one",
        "level stupid"
      ]
    },
    {
      "value": "Medium",
      "synonyms": [
        "Medium",
        "mid",
        "mid level",
        "don\u0027t die",
        "level two",
        "sensible"
      ]
    },
    {
      "value": "Impossible",
      "synonyms": [
        "Hard",
        "Impossible",
        "never lose",
        "level three"
      ]
    },
    {
      "value": "Annoying",
      "synonyms": [
        "Annoying",
        "annoyingly hard",
        "mean",
        "sore winner"
      ]
    }
  ],
  "isEnum": false,
  "automatedExpansion": false
}