{
  "id": "9ad81d7f-2ea1-47df-9067-000e59490646",
  "name": "Location",
  "isOverridable": true,
  "entries": [
    {
      "value": "Top",
      "synonyms": [
        "Top",
        "Up",
        "North",
        "Upper",
        "Stop",
        "talk"
      ]
    },
    {
      "value": "Bottom",
      "synonyms": [
        "Bottom",
        "Down",
        "South"
      ]
    },
    {
      "value": "Right",
      "synonyms": [
        "Right",
        "East",
        "ride",
        "light",
        "rides",
        "write",
        "bright",
        "rate"
      ]
    },
    {
      "value": "Left",
      "synonyms": [
        "Left",
        "West",
        "List",
        "Lift",
        "live",
        "lamp",
        "Love"
      ]
    },
    {
      "value": "Center",
      "synonyms": [
        "Center",
        "middle"
      ]
    }
  ],
  "isEnum": false,
  "automatedExpansion": false
}