[
  {
    "id": "88cc65b0-5cee-46be-a080-577bbc849813",
    "data": [
      {
        "text": "Change level two ",
        "userDefined": false
      },
      {
        "text": "impossible",
        "alias": "Levels",
        "meta": "@Levels",
        "userDefined": true
      }
    ],
    "isTemplate": false,
    "count": 0,
    "updated": 1501644209
  },
  {
    "id": "e4cb0ed8-30c0-4a5c-a615-025c20df2bcb",
    "data": [
      {
        "text": "yes on ",
        "userDefined": false
      },
      {
        "text": "easy",
        "alias": "Levels",
        "meta": "@Levels",
        "userDefined": false
      }
    ],
    "isTemplate": false,
    "count": 0,
    "updated": 1494434208
  },
  {
    "id": "a863e36a-a6a9-4411-96bc-c952e7f89761",
    "data": [
      {
        "text": "set game as ",
        "userDefined": false
      },
      {
        "text": "impossible",
        "alias": "Levels",
        "meta": "@Levels",
        "userDefined": true
      }
    ],
    "isTemplate": false,
    "count": 0,
    "updated": 0
  },
  {
    "id": "ef10a392-f4b0-451c-b46c-b7be68b6d8c3",
    "data": [
      {
        "text": "Set level to ",
        "userDefined": false
      },
      {
        "text": "easy",
        "alias": "Levels",
        "meta": "@Levels",
        "userDefined": true
      }
    ],
    "isTemplate": false,
    "count": 0,
    "updated": 0
  },
  {
    "id": "4890dcff-b849-4cab-8f14-6221e61e2419",
    "data": [
      {
        "text": "Change level to ",
        "userDefined": false
      },
      {
        "text": "easy",
        "alias": "Levels",
        "meta": "@Levels",
        "userDefined": true
      }
    ],
    "isTemplate": false,
    "count": 0,
    "updated": 0
  },
  {
    "id": "036b73ed-14da-476f-9fed-8eea87a9479f",
    "data": [
      {
        "text": "Change level",
        "userDefined": false
      }
    ],
    "isTemplate": false,
    "count": 0,
    "updated": 0
  }
]