[
  {
    "id": "ededbd8a-91b1-442d-befd-6379230aa5cc",
    "data": [
      {
        "text": "Change level two ",
        "userDefined": false
      },
      {
        "text": "impossible",
        "alias": "Levels",
        "meta": "@Levels",
        "userDefined": true
      }
    ],
    "isTemplate": false,
    "count": 0,
    "updated": 1501644209
  },
  {
    "id": "96e28c2f-fd8f-4bbf-906e-4787d0a656b1",
    "data": [
      {
        "text": "yes on ",
        "userDefined": false
      },
      {
        "text": "easy",
        "alias": "Levels",
        "meta": "@Levels",
        "userDefined": false
      }
    ],
    "isTemplate": false,
    "count": 0,
    "updated": 1494434208
  },
  {
    "id": "3488b75b-25f3-4818-ac58-6317b973fe4c",
    "data": [
      {
        "text": "set game as ",
        "userDefined": false
      },
      {
        "text": "impossible",
        "alias": "Levels",
        "meta": "@Levels",
        "userDefined": true
      }
    ],
    "isTemplate": false,
    "count": 0,
    "updated": 0
  },
  {
    "id": "11174cdb-997d-45b1-976b-cb3c8afc6212",
    "data": [
      {
        "text": "Set level to ",
        "userDefined": false
      },
      {
        "text": "easy",
        "alias": "Levels",
        "meta": "@Levels",
        "userDefined": true
      }
    ],
    "isTemplate": false,
    "count": 0,
    "updated": 0
  },
  {
    "id": "fe9963c3-7c96-4809-999b-bbdcdb793b20",
    "data": [
      {
        "text": "Change level to ",
        "userDefined": false
      },
      {
        "text": "easy",
        "alias": "Levels",
        "meta": "@Levels",
        "userDefined": true
      }
    ],
    "isTemplate": false,
    "count": 0,
    "updated": 0
  },
  {
    "id": "536398b2-4ac4-41ea-b634-f655b4686dcb",
    "data": [
      {
        "text": "Change level",
        "userDefined": false
      }
    ],
    "isTemplate": false,
    "count": 0,
    "updated": 0
  }
]