[
  {
    "id": "207549a4-863d-4f6b-b53d-52a7b8f05e57",
    "data": [
      {
        "text": "I hate you",
        "userDefined": false
      }
    ],
    "isTemplate": false,
    "count": 0,
    "updated": 1504490097
  },
  {
    "id": "3927b84f-bd6f-4596-837f-d697097cf069",
    "data": [
      {
        "text": "fucker",
        "userDefined": false
      }
    ],
    "isTemplate": false,
    "count": 0,
    "updated": 1495271604
  },
  {
    "id": "024ace16-e8d1-4295-9d57-6ef8e7448cf8",
    "data": [
      {
        "text": "Fuck",
        "userDefined": false
      }
    ],
    "isTemplate": false,
    "count": 0,
    "updated": 1495270408
  },
  {
    "id": "f8b0340c-2777-4211-8701-4eaee7158989",
    "data": [
      {
        "text": "Fuck you",
        "userDefined": false
      }
    ],
    "isTemplate": false,
    "count": 0,
    "updated": 0
  }
]