[
  {
    "id": "2c5c98be-aca8-409a-b4fa-20cea29c0d52",
    "data": [
      {
        "text": "good morning",
        "userDefined": false
      }
    ],
    "isTemplate": false,
    "count": 0,
    "updated": 1496297069
  },
  {
    "id": "b48f67ba-4393-43c3-8f74-d6f541ccdc0b",
    "data": [
      {
        "text": "Hey",
        "userDefined": false
      }
    ],
    "isTemplate": false,
    "count": 0,
    "updated": 1494482491
  },
  {
    "id": "78a9e10b-5f1a-4b24-85bf-50126dfc4f49",
    "data": [
      {
        "text": "Hello",
        "userDefined": false
      }
    ],
    "isTemplate": false,
    "count": 0,
    "updated": 1494482491
  },
  {
    "id": "3463be2f-daf9-4728-8409-7078157c4c2b",
    "data": [
      {
        "text": "HI",
        "userDefined": false
      }
    ],
    "isTemplate": false,
    "count": 0,
    "updated": 1494482491
  }
]