[
  {
    "id": "48c95cc4-3363-42ce-96e5-1b82a9066aa7",
    "data": [
      {
        "text": "yes",
        "userDefined": false
      }
    ],
    "isTemplate": false,
    "count": 0,
    "updated": 1504490852
  },
  {
    "id": "6a6416b8-57d7-4df7-922f-8207587987bf",
    "data": [
      {
        "text": "rematch",
        "userDefined": false
      }
    ],
    "isTemplate": false,
    "count": 0,
    "updated": 1496296997
  },
  {
    "id": "87ec6a1a-d0e9-4572-90f6-98ef13c49e8f",
    "data": [
      {
        "text": "start over",
        "userDefined": false
      }
    ],
    "isTemplate": false,
    "count": 0,
    "updated": 1494797008
  },
  {
    "id": "816c3127-9d45-4eb6-90d6-8a50e7b09cfa",
    "data": [
      {
        "text": "reset",
        "userDefined": false
      }
    ],
    "isTemplate": false,
    "count": 0,
    "updated": 1493504653
  },
  {
    "id": "8e74c786-3b1b-4ebd-baeb-a1af94231220",
    "data": [
      {
        "text": "play again",
        "userDefined": false
      }
    ],
    "isTemplate": false,
    "count": 0,
    "updated": 0
  },
  {
    "id": "00cac887-fb3e-4a63-947b-73adc652d592",
    "data": [
      {
        "text": "restart",
        "userDefined": false
      }
    ],
    "isTemplate": false,
    "count": 0,
    "updated": 0
  },
  {
    "id": "df26dcfc-0dd2-425d-8b26-566b1cb6b777",
    "data": [
      {
        "text": "Another game",
        "userDefined": false
      }
    ],
    "isTemplate": false,
    "count": 0,
    "updated": 0
  },
  {
    "id": "6e7b53b9-34cd-412b-a9ae-050a1e7173b0",
    "data": [
      {
        "text": "New game",
        "userDefined": false
      }
    ],
    "isTemplate": false,
    "count": 0,
    "updated": 0
  },
  {
    "id": "cbede1c7-774f-4468-92e8-65c263d040a3",
    "data": [
      {
        "text": "Restart Game",
        "userDefined": false
      }
    ],
    "isTemplate": false,
    "count": 0,
    "updated": 0
  }
]