[
  {
    "id": "9f141eb9-3e40-4682-804d-106af5aa3956",
    "data": [
      {
        "text": "yes",
        "userDefined": false
      }
    ],
    "isTemplate": false,
    "count": 0,
    "updated": 1504490852
  },
  {
    "id": "1ea56034-beef-463b-a238-f5e3cdc1f175",
    "data": [
      {
        "text": "rematch",
        "userDefined": false
      }
    ],
    "isTemplate": false,
    "count": 0,
    "updated": 1496296997
  },
  {
    "id": "59897778-7894-4286-b3c0-c7718ba38e70",
    "data": [
      {
        "text": "start over",
        "userDefined": false
      }
    ],
    "isTemplate": false,
    "count": 0,
    "updated": 1494797008
  },
  {
    "id": "099fdf2b-b41c-4a5b-8f3d-f8fe4f639451",
    "data": [
      {
        "text": "reset",
        "userDefined": false
      }
    ],
    "isTemplate": false,
    "count": 0,
    "updated": 1493504653
  },
  {
    "id": "190c7f3b-bbee-4a1d-96e6-1b9154b8c2a6",
    "data": [
      {
        "text": "play again",
        "userDefined": false
      }
    ],
    "isTemplate": false,
    "count": 0,
    "updated": 0
  },
  {
    "id": "1fa14644-ccd1-42f3-956f-117de2cf125e",
    "data": [
      {
        "text": "restart",
        "userDefined": false
      }
    ],
    "isTemplate": false,
    "count": 0,
    "updated": 0
  },
  {
    "id": "a09c8e9a-35f4-4baf-96b5-23b64994e1bf",
    "data": [
      {
        "text": "Another game",
        "userDefined": false
      }
    ],
    "isTemplate": false,
    "count": 0,
    "updated": 0
  },
  {
    "id": "86510cc4-ef15-4b06-a87e-869008fa7dda",
    "data": [
      {
        "text": "New game",
        "userDefined": false
      }
    ],
    "isTemplate": false,
    "count": 0,
    "updated": 0
  },
  {
    "id": "ec57eb59-4502-4bc0-8462-248b9dfe7703",
    "data": [
      {
        "text": "Restart Game",
        "userDefined": false
      }
    ],
    "isTemplate": false,
    "count": 0,
    "updated": 0
  }
]