[
  {
    "id": "cb592c2c-fb78-403e-b2ed-381e627b9c72",
    "data": [
      {
        "text": "I didn\u0027t hear you",
        "userDefined": false
      }
    ],
    "isTemplate": false,
    "count": 0,
    "updated": 1511040091
  },
  {
    "id": "e1306dac-3d75-4076-aefb-66ade7748ce3",
    "data": [
      {
        "text": "Say that again",
        "userDefined": false
      }
    ],
    "isTemplate": false,
    "count": 0,
    "updated": 1511040091
  },
  {
    "id": "baa57692-da0c-4378-a160-7c386abe7448",
    "data": [
      {
        "text": "What did you say?",
        "userDefined": false
      }
    ],
    "isTemplate": false,
    "count": 0,
    "updated": 1511040091
  },
  {
    "id": "83ab1613-069b-4ad3-9604-279398a1ad66",
    "data": [
      {
        "text": "Repeat",
        "userDefined": false
      }
    ],
    "isTemplate": false,
    "count": 0,
    "updated": 1511040091
  }
]