[
  {
    "id": "1cf5fb5f-2cec-4445-9065-4a699937aa2e",
    "data": [
      {
        "text": "Yes, please",
        "userDefined": false
      }
    ],
    "isTemplate": false,
    "count": 0,
    "updated": 1494089023
  },
  {
    "id": "6d233180-1cc8-4ee2-927d-0bd7e4a1e5c9",
    "data": [
      {
        "text": "reset",
        "userDefined": false
      }
    ],
    "isTemplate": false,
    "count": 0,
    "updated": 0
  },
  {
    "id": "56812522-053b-4fa1-853b-82423b8b1c71",
    "data": [
      {
        "text": "Go",
        "userDefined": false
      }
    ],
    "isTemplate": false,
    "count": 0,
    "updated": 0
  },
  {
    "id": "4d67a26b-06c8-4ca0-87be-41258b0a4ab3",
    "data": [
      {
        "text": "Let\u0027s play",
        "userDefined": false
      }
    ],
    "isTemplate": false,
    "count": 0,
    "updated": 0
  },
  {
    "id": "b31c9558-e251-4eda-bdd6-bce6176b2106",
    "data": [
      {
        "text": "Play",
        "userDefined": false
      }
    ],
    "isTemplate": false,
    "count": 0,
    "updated": 0
  },
  {
    "id": "5ddca5d9-f35e-485a-b06a-5c58995988dc",
    "data": [
      {
        "text": "Again",
        "userDefined": false
      }
    ],
    "isTemplate": false,
    "count": 0,
    "updated": 0
  },
  {
    "id": "b0ba4a0f-3aff-4dd6-b923-ac8991d8b413",
    "data": [
      {
        "text": "Start another game",
        "userDefined": false
      }
    ],
    "isTemplate": false,
    "count": 0,
    "updated": 0
  },
  {
    "id": "5ce344bd-1c99-4181-8fd3-047040acbaab",
    "data": [
      {
        "text": "play again",
        "userDefined": false
      }
    ],
    "isTemplate": false,
    "count": 0,
    "updated": 0
  },
  {
    "id": "3b7e4219-26ca-4a39-92df-f42714be9ec2",
    "data": [
      {
        "text": "Yes",
        "userDefined": false
      }
    ],
    "isTemplate": false,
    "count": 0,
    "updated": 0
  }
]