[
  {
    "id": "9ced8362-9518-4891-87f3-1632006743df",
    "data": [
      {
        "text": "Yes, please",
        "userDefined": false
      }
    ],
    "isTemplate": false,
    "count": 0,
    "updated": 1494089023
  },
  {
    "id": "8bb1b547-92e0-41ee-8992-0e0c82006446",
    "data": [
      {
        "text": "reset",
        "userDefined": false
      }
    ],
    "isTemplate": false,
    "count": 0,
    "updated": 0
  },
  {
    "id": "9464201a-c95f-4b86-9145-d8d528f73d60",
    "data": [
      {
        "text": "Go",
        "userDefined": false
      }
    ],
    "isTemplate": false,
    "count": 0,
    "updated": 0
  },
  {
    "id": "18cfdfbf-906e-4bdc-8362-d7aea15a5a80",
    "data": [
      {
        "text": "Let\u0027s play",
        "userDefined": false
      }
    ],
    "isTemplate": false,
    "count": 0,
    "updated": 0
  },
  {
    "id": "0174e336-eac5-4f35-8595-67f782249c32",
    "data": [
      {
        "text": "Play",
        "userDefined": false
      }
    ],
    "isTemplate": false,
    "count": 0,
    "updated": 0
  },
  {
    "id": "984612d2-9f27-4540-8f89-23e738dc401c",
    "data": [
      {
        "text": "Again",
        "userDefined": false
      }
    ],
    "isTemplate": false,
    "count": 0,
    "updated": 0
  },
  {
    "id": "cc52eef3-a6fb-4881-bdee-63a05d9709aa",
    "data": [
      {
        "text": "Start another game",
        "userDefined": false
      }
    ],
    "isTemplate": false,
    "count": 0,
    "updated": 0
  },
  {
    "id": "1b1f3272-d558-4672-8e5f-905018bbd3fc",
    "data": [
      {
        "text": "play again",
        "userDefined": false
      }
    ],
    "isTemplate": false,
    "count": 0,
    "updated": 0
  },
  {
    "id": "011e5791-5328-471b-bd63-4aafb78f3e6d",
    "data": [
      {
        "text": "Yes",
        "userDefined": false
      }
    ],
    "isTemplate": false,
    "count": 0,
    "updated": 0
  }
]