[
  {
    "id": "fd64dc00-89f4-4dd0-ad0c-9d0e119ce407",
    "data": [
      {
        "text": "Describe the board",
        "userDefined": false
      }
    ],
    "isTemplate": false,
    "count": 0,
    "updated": 1510824799
  },
  {
    "id": "7d75f70e-6438-4e8f-b5e6-56f3b3a3e26c",
    "data": [
      {
        "text": "Show board",
        "userDefined": false
      }
    ],
    "isTemplate": false,
    "count": 0,
    "updated": 1510824799
  },
  {
    "id": "41ae94d2-8056-468a-978d-8e4f2c1d18b8",
    "data": [
      {
        "text": "What\u0027s ",
        "userDefined": false
      },
      {
        "text": "left",
        "meta": "@sys.ignore",
        "userDefined": false
      }
    ],
    "isTemplate": false,
    "count": 0,
    "updated": 1510824799
  }
]