[
  {
    "id": "cb6a1d82-1fcf-40bd-904b-e35f6b76f31b",
    "data": [
      {
        "text": "What\u0027s ",
        "userDefined": false
      },
      {
        "text": "left",
        "meta": "@sys.ignore",
        "userDefined": false
      }
    ],
    "isTemplate": false,
    "count": 0,
    "updated": 1495414850
  },
  {
    "id": "d788f171-f8d4-4917-9c35-5e8eb00cdc4b",
    "data": [
      {
        "text": "Show board",
        "userDefined": false
      }
    ],
    "isTemplate": false,
    "count": 0,
    "updated": 1495414850
  }
]