[
  {
    "id": "ef34df92-1c72-4c35-85de-070492c0e1d4",
    "data": [
      {
        "text": "Okay Google ",
        "userDefined": false
      },
      {
        "text": "Center",
        "alias": "Location",
        "meta": "@Location",
        "userDefined": false
      }
    ],
    "isTemplate": false,
    "count": 0,
    "updated": 1495642381
  },
  {
    "id": "e909aa7c-78bb-4be3-9edd-fa54a2a46dc4",
    "data": [
      {
        "text": "left",
        "alias": "Location",
        "meta": "@Location",
        "userDefined": false
      },
      {
        "text": " corner",
        "userDefined": false
      }
    ],
    "isTemplate": false,
    "count": 1,
    "updated": 1495642126
  },
  {
    "id": "2460add5-d148-489c-ae47-d2590b19b1e5",
    "data": [
      {
        "text": "bottom",
        "alias": "Location",
        "meta": "@Location",
        "userDefined": false
      }
    ],
    "isTemplate": false,
    "count": 0,
    "updated": 0
  },
  {
    "id": "b315640c-3422-4514-908a-112ebab2e921",
    "data": [
      {
        "text": "down",
        "alias": "Location",
        "meta": "@Location",
        "userDefined": false
      }
    ],
    "isTemplate": false,
    "count": 0,
    "updated": 0
  },
  {
    "id": "9e2debb7-599d-4a2b-b2c9-e3ffc5bb9147",
    "data": [
      {
        "text": "up",
        "alias": "Location",
        "meta": "@Location",
        "userDefined": false
      }
    ],
    "isTemplate": false,
    "count": 0,
    "updated": 0
  },
  {
    "id": "918c70ca-991f-435f-9926-e767d88eaa79",
    "data": [
      {
        "text": "left",
        "alias": "Location",
        "meta": "@Location",
        "userDefined": false
      }
    ],
    "isTemplate": false,
    "count": 0,
    "updated": 0
  },
  {
    "id": "8d7589be-41f3-4870-85fa-5de8bd1e786d",
    "data": [
      {
        "text": "right",
        "alias": "Location",
        "meta": "@Location",
        "userDefined": false
      }
    ],
    "isTemplate": false,
    "count": 0,
    "updated": 0
  },
  {
    "id": "ed216278-869b-4684-9831-2d9e88b4f297",
    "data": [
      {
        "text": "top",
        "alias": "Location",
        "meta": "@Location",
        "userDefined": true
      }
    ],
    "isTemplate": false,
    "count": 0,
    "updated": 0
  },
  {
    "id": "8224897f-dd23-40b7-9394-864825c5abbd",
    "data": [
      {
        "text": "center",
        "alias": "Location",
        "meta": "@Location",
        "userDefined": false
      }
    ],
    "isTemplate": false,
    "count": 0,
    "updated": 0
  },
  {
    "id": "e46c1477-7139-4639-9fad-9cf2fb4ef787",
    "data": [
      {
        "text": "Move ",
        "userDefined": false
      },
      {
        "text": "Center",
        "alias": "Location",
        "meta": "@Location",
        "userDefined": false
      }
    ],
    "isTemplate": false,
    "count": 0,
    "updated": 0
  }
]