[
  {
    "id": "c694c651-f5ea-4ce3-bd6c-879818a27914",
    "data": [
      {
        "text": "good night",
        "userDefined": false
      }
    ],
    "isTemplate": false,
    "count": 0,
    "updated": 1496297037
  },
  {
    "id": "03eff1b9-785d-4944-b72f-a7415b30664d",
    "data": [
      {
        "text": "bye",
        "userDefined": false
      }
    ],
    "isTemplate": false,
    "count": 0,
    "updated": 1495732566
  },
  {
    "id": "88bb4549-c7ee-4000-b409-f953f7d1b50f",
    "data": [
      {
        "text": "stop the fucking game",
        "userDefined": false
      }
    ],
    "isTemplate": false,
    "count": 0,
    "updated": 1495612765
  },
  {
    "id": "7ef4f07a-ae9d-4967-9faf-17bcaab5fc9e",
    "data": [
      {
        "text": "stop the game",
        "userDefined": false
      }
    ],
    "isTemplate": false,
    "count": 0,
    "updated": 1495612765
  },
  {
    "id": "3b522016-15b3-41d8-a224-3804d77b21c6",
    "data": [
      {
        "text": "how do I quit",
        "userDefined": false
      }
    ],
    "isTemplate": false,
    "count": 1,
    "updated": 0
  },
  {
    "id": "1be2938c-1966-4b38-89a0-912dfb193d37",
    "data": [
      {
        "text": "okay Google stop this game",
        "userDefined": false
      }
    ],
    "isTemplate": false,
    "count": 0,
    "updated": 1494796835
  },
  {
    "id": "c22cb539-5d57-48d5-bcf7-dedf3f7a6612",
    "data": [
      {
        "text": "okay Google quit the game",
        "userDefined": false
      }
    ],
    "isTemplate": false,
    "count": 0,
    "updated": 1494796835
  },
  {
    "id": "9cfb3344-064e-46cf-916a-699dc944b9de",
    "data": [
      {
        "text": "I\u0027m done",
        "userDefined": false
      }
    ],
    "isTemplate": false,
    "count": 0,
    "updated": 1494434208
  },
  {
    "id": "4ca55407-092c-43fb-9236-553ea4237d5d",
    "data": [
      {
        "text": "No thank you",
        "userDefined": false
      }
    ],
    "isTemplate": false,
    "count": 0,
    "updated": 1494089050
  },
  {
    "id": "60453678-f0cd-4945-b473-8527ed9de2a1",
    "data": [
      {
        "text": "fuck off",
        "userDefined": false
      }
    ],
    "isTemplate": false,
    "count": 0,
    "updated": 1493794913
  },
  {
    "id": "52cb6cd8-7d50-4696-8376-f01d02b7f8d5",
    "data": [
      {
        "text": "No more",
        "userDefined": false
      }
    ],
    "isTemplate": false,
    "count": 0,
    "updated": 0
  },
  {
    "id": "77a997a0-5615-40a6-add9-fa52186fb6d6",
    "data": [
      {
        "text": "exit",
        "userDefined": false
      }
    ],
    "isTemplate": false,
    "count": 0,
    "updated": 0
  },
  {
    "id": "84d42494-5092-420a-8dbc-e5efb4c692da",
    "data": [
      {
        "text": "I can\u0027t",
        "userDefined": false
      }
    ],
    "isTemplate": false,
    "count": 0,
    "updated": 0
  },
  {
    "id": "60d60910-18cc-4eee-ab3d-7d98bb41669e",
    "data": [
      {
        "text": "Not again",
        "userDefined": false
      }
    ],
    "isTemplate": false,
    "count": 0,
    "updated": 0
  },
  {
    "id": "864a6550-fa32-40c1-8393-f7b9e6ddc4d6",
    "data": [
      {
        "text": "I don\u0027t want to play",
        "userDefined": false
      }
    ],
    "isTemplate": false,
    "count": 0,
    "updated": 0
  },
  {
    "id": "9b37363f-7b99-4cba-94ec-50e951a1d3b3",
    "data": [
      {
        "text": "No",
        "userDefined": false
      }
    ],
    "isTemplate": false,
    "count": 0,
    "updated": 0
  }
]