[
  {
    "id": "9eac8787-d132-4236-a3fa-718fb5fbce69",
    "data": [
      {
        "text": "good night",
        "userDefined": false
      }
    ],
    "isTemplate": false,
    "count": 0,
    "updated": 1496297037
  },
  {
    "id": "6274eb79-e48a-4614-9aa2-def3b43b45c0",
    "data": [
      {
        "text": "bye",
        "userDefined": false
      }
    ],
    "isTemplate": false,
    "count": 0,
    "updated": 1495732566
  },
  {
    "id": "cc389fe1-8b25-4def-91b9-7a8d36e7fb98",
    "data": [
      {
        "text": "stop the fucking game",
        "userDefined": false
      }
    ],
    "isTemplate": false,
    "count": 0,
    "updated": 1495612765
  },
  {
    "id": "37e3a48b-fac4-4c5c-b494-96fbc8601842",
    "data": [
      {
        "text": "stop the game",
        "userDefined": false
      }
    ],
    "isTemplate": false,
    "count": 0,
    "updated": 1495612765
  },
  {
    "id": "c2a760a0-f2e9-4d9a-a50d-c3eacba1d2de",
    "data": [
      {
        "text": "how do I quit",
        "userDefined": false
      }
    ],
    "isTemplate": false,
    "count": 1,
    "updated": 0
  },
  {
    "id": "da950e03-b136-4191-bf2b-ad85730515b8",
    "data": [
      {
        "text": "okay Google stop this game",
        "userDefined": false
      }
    ],
    "isTemplate": false,
    "count": 0,
    "updated": 1494796835
  },
  {
    "id": "042db85c-bbad-408e-b4fe-20a41edfb46e",
    "data": [
      {
        "text": "okay Google quit the game",
        "userDefined": false
      }
    ],
    "isTemplate": false,
    "count": 0,
    "updated": 1494796835
  },
  {
    "id": "1b7746ca-f8ca-4f25-95e8-3e0f070561ef",
    "data": [
      {
        "text": "I\u0027m done",
        "userDefined": false
      }
    ],
    "isTemplate": false,
    "count": 0,
    "updated": 1494434208
  },
  {
    "id": "b7a2857d-32e3-4116-b102-374ce9c20954",
    "data": [
      {
        "text": "No thank you",
        "userDefined": false
      }
    ],
    "isTemplate": false,
    "count": 0,
    "updated": 1494089050
  },
  {
    "id": "b9f2a30d-4935-4ef1-9543-64a55b28494c",
    "data": [
      {
        "text": "fuck off",
        "userDefined": false
      }
    ],
    "isTemplate": false,
    "count": 0,
    "updated": 1493794913
  },
  {
    "id": "d97a4001-2558-4acd-a652-41bac3c1a2a5",
    "data": [
      {
        "text": "No more",
        "userDefined": false
      }
    ],
    "isTemplate": false,
    "count": 0,
    "updated": 0
  },
  {
    "id": "86c8d105-ee3d-476d-8ae6-f397f2045bb8",
    "data": [
      {
        "text": "exit",
        "userDefined": false
      }
    ],
    "isTemplate": false,
    "count": 0,
    "updated": 0
  },
  {
    "id": "bfa001b9-3130-47f7-b305-07cea45b38d8",
    "data": [
      {
        "text": "I can\u0027t",
        "userDefined": false
      }
    ],
    "isTemplate": false,
    "count": 0,
    "updated": 0
  },
  {
    "id": "eb32b682-efca-4533-b039-927b5bf7baa1",
    "data": [
      {
        "text": "Not again",
        "userDefined": false
      }
    ],
    "isTemplate": false,
    "count": 0,
    "updated": 0
  },
  {
    "id": "ae1efb6b-d79f-4448-ab84-833506fe1119",
    "data": [
      {
        "text": "I don\u0027t want to play",
        "userDefined": false
      }
    ],
    "isTemplate": false,
    "count": 0,
    "updated": 0
  },
  {
    "id": "6bccefb7-47bb-40e2-9ae3-2690894ca2a4",
    "data": [
      {
        "text": "No",
        "userDefined": false
      }
    ],
    "isTemplate": false,
    "count": 0,
    "updated": 0
  }
]