[
  {
    "id": "3c7b56c9-f88d-4741-abb5-8260d1cfbb3c",
    "data": [
      {
        "text": "start Tic Tac Toe",
        "userDefined": false
      }
    ],
    "isTemplate": false,
    "count": 0,
    "updated": 1498764193
  },
  {
    "id": "fad36436-c673-4190-b8b8-9ac3ed900b9a",
    "data": [
      {
        "text": "Play a game",
        "userDefined": false
      }
    ],
    "isTemplate": false,
    "count": 0,
    "updated": 1496988848
  },
  {
    "id": "d1dba9fa-d325-4b34-bfea-486d3c5cf3b1",
    "data": [
      {
        "text": "play tic tac toe",
        "userDefined": false
      }
    ],
    "isTemplate": false,
    "count": 0,
    "updated": 1496988613
  }
]