[
  {
    "id": "fe5ab8d9-1fee-44f0-be59-54d34a61228f",
    "data": [
      {
        "text": "Start a game of tic tac toe",
        "userDefined": false
      }
    ],
    "isTemplate": false,
    "count": 0
  },
  {
    "id": "43bd02d9-4d57-4f4d-ba45-385902be0e31",
    "data": [
      {
        "text": "I want to play tic tac toe",
        "userDefined": false
      }
    ],
    "isTemplate": false,
    "count": 0
  },
  {
    "id": "25c1fe59-2870-49d9-b3c4-f9ae3dea057d",
    "data": [
      {
        "text": "Start a game",
        "userDefined": false
      }
    ],
    "isTemplate": false,
    "count": 0
  },
  {
    "id": "902e2ebc-d6e5-4f4b-8afb-a737b01101a6",
    "data": [
      {
        "text": "Tic Tac Toe",
        "userDefined": false
      }
    ],
    "isTemplate": false,
    "count": 0
  },
  {
    "id": "420f621f-d438-45b1-b8e7-409bd7bf74ce",
    "data": [
      {
        "text": "start Tic Tac Toe",
        "userDefined": false
      }
    ],
    "isTemplate": false,
    "count": 0,
    "updated": 1498764193
  },
  {
    "id": "d07d62d0-b25d-4c88-82f1-b6aea027e6db",
    "data": [
      {
        "text": "Play a game",
        "userDefined": false
      }
    ],
    "isTemplate": false,
    "count": 0,
    "updated": 1496988848
  },
  {
    "id": "a932afe3-383a-4800-8b63-c1687f207845",
    "data": [
      {
        "text": "play tic tac toe",
        "userDefined": false
      }
    ],
    "isTemplate": false,
    "count": 0,
    "updated": 1496988613
  }
]