[
  {
    "id": "6c1d4a6e-3e62-4781-9f89-9fd8e3452e0d",
    "data": [
      {
        "text": "Start a game of tic tac toe",
        "userDefined": false
      }
    ],
    "isTemplate": false,
    "count": 0
  },
  {
    "id": "2430e95c-d078-41fa-9563-7d829c173657",
    "data": [
      {
        "text": "I want to play tic tac toe",
        "userDefined": false
      }
    ],
    "isTemplate": false,
    "count": 0
  },
  {
    "id": "d528a4e3-4bf4-4346-b56a-1c84e2ba2c55",
    "data": [
      {
        "text": "Start a game",
        "userDefined": false
      }
    ],
    "isTemplate": false,
    "count": 0
  },
  {
    "id": "2ecb55e2-6718-4207-924c-8cf81028ee95",
    "data": [
      {
        "text": "Tic Tac Toe",
        "userDefined": false
      }
    ],
    "isTemplate": false,
    "count": 0
  },
  {
    "id": "263c4713-48d5-46cf-97cf-be4ff9afd9b2",
    "data": [
      {
        "text": "start Tic Tac Toe",
        "userDefined": false
      }
    ],
    "isTemplate": false,
    "count": 0,
    "updated": 1498764193
  },
  {
    "id": "4898e917-2de2-47b6-abd1-b665b7f8123c",
    "data": [
      {
        "text": "Play a game",
        "userDefined": false
      }
    ],
    "isTemplate": false,
    "count": 0,
    "updated": 1496988848
  },
  {
    "id": "2ee8f9dd-31eb-433c-905b-c71cae4daf82",
    "data": [
      {
        "text": "play tic tac toe",
        "userDefined": false
      }
    ],
    "isTemplate": false,
    "count": 0,
    "updated": 1496988613
  }
]