[
  {
    "id": "e75efa5b-b5e7-4d2a-8a03-4d7636da2bdd",
    "data": [
      {
        "text": "let me talk to",
        "userDefined": false
      }
    ],
    "isTemplate": false,
    "count": 0,
    "updated": 1495312792
  },
  {
    "id": "0e036ecf-218c-4469-8d83-5ef5d1af9bea",
    "data": [
      {
        "text": "Okay Google",
        "userDefined": false
      }
    ],
    "isTemplate": false,
    "count": 0,
    "updated": 1495312792
  },
  {
    "id": "933b1e4a-ebf6-4783-abae-e51dea36c48a",
    "data": [
      {
        "text": "talk to",
        "userDefined": false
      }
    ],
    "isTemplate": false,
    "count": 0,
    "updated": 0
  }
]