[
  {
    "id": "ac0e77f6-db95-43ae-8d2c-046c2a55475b",
    "data": [
      {
        "text": "who\u0027s your creator",
        "userDefined": false
      }
    ],
    "isTemplate": false,
    "count": 0,
    "updated": 1494653391
  },
  {
    "id": "3eec6a0a-aac0-41ac-87c0-e8a9ab841d38",
    "data": [
      {
        "text": "Who ",
        "userDefined": false
      },
      {
        "text": "wrote",
        "alias": "Location",
        "meta": "@Location",
        "userDefined": false
      },
      {
        "text": " you?",
        "userDefined": false
      }
    ],
    "isTemplate": false,
    "count": 0,
    "updated": 1494483624
  },
  {
    "id": "1379c27d-8793-491c-9adf-15c65d29a6ff",
    "data": [
      {
        "text": "How did you get made?",
        "userDefined": false
      }
    ],
    "isTemplate": false,
    "count": 0,
    "updated": 1494483624
  },
  {
    "id": "6e73c5e9-0f5a-42f0-9008-12e646613ac3",
    "data": [
      {
        "text": "Who made you?",
        "userDefined": false
      }
    ],
    "isTemplate": false,
    "count": 0,
    "updated": 1494483624
  },
  {
    "id": "d45d0159-ded7-4c32-abd3-809423b2df54",
    "data": [
      {
        "text": "who wrote voice tic tac toe",
        "userDefined": false
      }
    ],
    "isTemplate": false,
    "count": 0,
    "updated": 1494483624
  }
]