[
  {
    "id": "9606f756-9a4a-4991-9e51-450665399133",
    "data": [
      {
        "text": "I ",
        "userDefined": false
      },
      {
        "text": "love",
        "alias": "Location",
        "meta": "@Location",
        "userDefined": false
      },
      {
        "text": " you",
        "userDefined": false
      }
    ],
    "isTemplate": false,
    "count": 0,
    "updated": 1496297349
  },
  {
    "id": "b3f3baad-b5bc-4634-96f7-a734bf558b53",
    "data": [
      {
        "text": "that is smart",
        "userDefined": false
      }
    ],
    "isTemplate": false,
    "count": 0,
    "updated": 0
  },
  {
    "id": "31890d30-0283-426a-af51-ff8cbd3d8118",
    "data": [
      {
        "text": "You are smart",
        "userDefined": false
      }
    ],
    "isTemplate": false,
    "count": 0,
    "updated": 0
  }
]