[
  {
    "value": "Easy",
    "synonyms": [
      "Easy",
      "simple",
      "stupid",
      "level one",
      "level stupid"
    ]
  },
  {
    "value": "Medium",
    "synonyms": [
      "Medium",
      "mid",
      "mid level",
      "don\u0027t die",
      "level two",
      "sensible"
    ]
  },
  {
    "value": "Impossible",
    "synonyms": [
      "Hard",
      "Impossible",
      "never lose",
      "level three",
      "heart"
    ]
  },
  {
    "value": "Annoying",
    "synonyms": [
      "Annoying",
      "annoyingly hard",
      "mean",
      "sore winner"
    ]
  }
]