[
  {
    "value": "Top",
    "synonyms": [
      "Top",
      "Up",
      "North",
      "Upper",
      "Stop",
      "talk",
      "apple",
      "drop",
      "pop"
    ]
  },
  {
    "value": "Bottom",
    "synonyms": [
      "Bottom",
      "Down",
      "South",
      "lower",
      "button",
      "below",
      "Boston",
      "mom",
      "Gotham"
    ]
  },
  {
    "value": "Right",
    "synonyms": [
      "Right",
      "East",
      "ride",
      "light",
      "rides",
      "write",
      "bright",
      "rate",
      "Rey",
      "ray",
      "red",
      "rape",
      "great",
      "white",
      "flight",
      "riot",
      "riots",
      "Rite",
      "rite",
      "wright",
      "ryde",
      "freight",
      "rights"
    ]
  },
  {
    "value": "Left",
    "synonyms": [
      "Left",
      "West",
      "List",
      "Lift",
      "live",
      "lamp",
      "Love",
      "locks",
      "lot",
      "latch",
      "lip",
      "less",
      "laugh",
      "lash",
      "life"
    ]
  },
  {
    "value": "Center",
    "synonyms": [
      "Center",
      "middle",
      "Central",
      "mill",
      "metal",
      "Santa",
      "sensor",
      "mid",
      "Centre"
    ]
  }
]